City_ID,City,Lat,Lng,Max Temp,Humidity,Cloudiness,Wind Speed,Country,Date
0,woolgoolga,-30.1106,153.2007,85.95,71,0,19.35,AU,1732586841
1,copala,16.65,-98.9833,77.02,84,10,3.0,MX,1732586937
2,petropavlovsk-kamchatsky,53.0452,158.6483,36.19,48,75,11.18,RU,1732586938
3,dryden,49.7833,-92.7503,21.49,86,100,11.5,CA,1732586939
4,n'zeto,-7.2312,12.8666,78.08,85,100,7.11,AO,1732586941
5,puerto natales,-51.7236,-72.4875,46.45,84,6,1.32,CL,1732586942
6,papatowai,-46.5619,169.4708,63.07,49,64,15.26,NZ,1732586695
7,saipan,15.1355,145.701,84.9,86,75,17.27,MP,1732586944
8,ixtapa,20.7,-105.2,76.23,83,0,0.0,MX,1732586945
9,port-aux-francais,-49.35,70.2167,36.77,85,36,35.19,TF,1732586946
10,taizhou,32.4933,119.9106,44.64,39,15,16.71,CN,1732586948
11,kill devil hills,36.0307,-75.676,55.98,84,0,4.61,US,1732586949
12,bethel,41.3712,-73.414,41.45,71,99,2.26,US,1732586734
13,punta arenas,-53.15,-70.9167,50.11,66,20,9.22,CL,1732586719
14,neiafu,-18.65,-173.9833,81.28,83,75,10.36,TO,1732586953
15,grytviken,-54.2811,-36.5092,33.64,75,100,5.32,GS,1732586713
16,tsiombe,-25.3,45.4833,75.45,93,53,9.35,MG,1732586956
17,middlesboro,36.6084,-83.7166,55.4,94,100,0.0,US,1732586957
18,yanykurgan,43.915,67.2481,40.86,34,40,2.33,KZ,1732586958
19,stanley,54.868,-1.6985,39.51,85,20,12.66,GB,1732586959
20,west island,-12.1568,96.8225,80.58,94,100,19.57,CC,1732586960
21,blackmans bay,-43.0167,147.3167,71.53,71,70,3.0,AU,1732586961
22,namibe,-15.1961,12.1522,67.93,79,63,4.99,AO,1732586783
23,ribeira grande,38.5167,-28.7,67.77,93,16,10.0,PT,1732586862
24,utrik,11.2278,169.8474,82.92,80,17,19.77,MH,1732586965
25,kodiak,57.79,-152.4072,29.71,80,0,3.44,US,1732586967
26,labrador city,52.9463,-66.9114,29.17,96,100,21.99,CA,1732586968
27,isafjordur,66.0755,-23.124,29.66,86,34,11.99,IS,1732586969
28,aasiaat,68.7098,-52.8699,23.67,68,100,16.53,GL,1732586971
29,amahai,-3.3333,128.9167,85.1,69,100,3.98,ID,1732586972
30,albany,42.6001,-73.9662,34.79,79,100,1.68,US,1732586973
31,garachico,28.7781,-17.7646,66.31,78,75,5.75,ES,1732586974
32,beyla,8.6833,-8.6333,67.19,43,92,0.92,GN,1732586975
33,hermanus,-34.4187,19.2345,61.81,71,50,21.9,ZA,1732586976
34,atafu village,-8.5421,-172.5159,83.86,74,7,16.58,TK,1732586977
35,adamstown,-25.066,-130.1015,72.64,77,24,18.39,PN,1732586980
36,richfield,44.8833,-93.283,22.57,71,0,16.11,US,1732586981
37,novodvinsk,64.4165,40.8122,37.15,92,100,12.77,RU,1732586884
38,arquitecto tomas romero pereira,-26.4833,-55.25,76.59,43,100,4.27,PY,1732586983
39,invercargill,-46.4,168.35,61.02,70,35,18.99,NZ,1732586984
40,mawlaik,23.6333,94.4167,64.67,82,100,1.9,MM,1732586985
41,iqaluit,63.7506,-68.5145,0.55,99,71,13.0,CA,1732586963
42,santiago de chuco,-8.15,-78.1833,52.81,86,100,1.66,PE,1732586987
43,pauini,-7.7136,-66.9764,75.36,89,99,2.37,BR,1732586988
44,fale old settlement,-9.3852,-171.2468,83.77,74,9,16.71,TK,1732586990
45,gunjur,13.2019,-16.7339,78.89,74,0,9.91,GM,1732586991
46,arraial do cabo,-22.9661,-42.0278,72.27,75,55,20.07,BR,1732586981
47,jiazi,22.8779,116.067,69.06,57,1,14.81,CN,1732586993
48,hamilton,39.1834,-84.5333,60.24,95,100,15.01,US,1732586994
49,nuuk,64.1835,-51.7216,29.01,93,100,17.27,GL,1732586996
50,childress,34.4264,-100.204,44.85,61,0,5.75,US,1732586997
51,kokoda,-8.8785,147.7407,86.58,69,98,5.73,PG,1732586998
52,nar'yan-mar,67.6713,53.087,34.03,89,100,30.04,RU,1732586999
53,jamestown,42.097,-79.2353,49.01,83,100,6.91,US,1732586778
54,port elizabeth,-33.918,25.5701,64.31,92,94,3.0,ZA,1732587001
55,new norfolk,-42.7826,147.0587,72.72,33,9,5.35,AU,1732587002
56,tiksi,71.6872,128.8694,-0.96,77,100,24.67,RU,1732586939
57,yellowknife,62.456,-114.3525,21.42,96,100,18.99,CA,1732587004
58,rongelap,11.1635,166.8941,83.03,80,30,19.55,MH,1732587006
59,sondrio,46.169,9.8692,47.88,99,100,1.74,IT,1732587007
60,crane,31.3974,-102.3501,50.79,44,93,12.68,US,1732587008
61,tarko-sale,64.9225,77.785,16.75,94,99,17.25,RU,1732587009
62,bozoum,6.3193,16.3799,66.81,39,7,3.6,CF,1732587010
63,longyearbyen,78.2186,15.6401,12.04,79,100,19.57,SJ,1732587011
64,chul'man,56.8479,124.9104,-4.45,94,100,3.98,RU,1732587012
65,bredasdorp,-34.5322,20.0403,59.72,57,100,18.01,ZA,1732587013
66,edinburgh of the seven seas,-37.0676,-12.3116,56.1,75,100,15.99,SH,1732587015
67,ust-nera,64.5667,143.2,-22.72,99,66,4.07,RU,1732587016
68,guerrero negro,27.9769,-114.0611,63.52,79,100,7.83,MX,1732587017
69,ilulissat,69.2167,-51.1,24.82,63,100,16.11,GL,1732586904
70,qaqortoq,60.7167,-46.0333,10.76,77,0,3.38,GL,1732587019
71,ambatondrazaka,-17.8333,48.4167,68.65,84,97,3.94,MG,1732586755
72,iskateley,67.6803,53.1512,33.98,89,100,29.89,RU,1732587021
73,waitangi,-43.9535,-176.5597,61.83,89,40,4.0,NZ,1732587022
74,lihue,21.9789,-159.3672,78.75,68,0,17.27,US,1732587023
75,sao felipe,-14.8167,-41.3833,68.14,85,98,4.29,BR,1732587025
76,zhangjiakou,40.81,114.8794,20.23,38,91,18.77,CN,1732587026
77,kudat,6.8837,116.8477,77.4,93,100,11.95,MY,1732587027
78,haiku-pauwela,20.9219,-156.3051,79.16,72,20,10.0,US,1732587028
79,port augusta,-32.5,137.7667,90.43,25,100,13.2,AU,1732587029
80,barra de santo antonio,-9.4047,-35.5072,76.91,81,92,7.0,BR,1732587030
81,waddan,29.1614,16.139,53.26,74,3,5.08,LY,1732587032
82,toliara,-23.35,43.6667,78.22,74,50,2.73,MG,1732587035
83,udachny,66.4167,112.4,-6.11,97,100,7.7,RU,1732587036
84,ushuaia,-54.8,-68.3,39.85,93,98,2.82,AR,1732587035
85,port hedland,-20.3167,118.5667,91.45,55,91,13.8,AU,1732587038
86,kabinda,-6.1333,24.4833,66.76,99,100,4.38,CD,1732587039
87,tofol,5.3248,163.0078,89.38,62,75,11.5,FM,1732587040
88,chernyshevskiy,63.0128,112.4714,-3.95,97,100,10.71,RU,1732587041
89,ancud,-41.8697,-73.8203,49.64,88,7,8.75,CL,1732587027
90,margaret river,-33.95,115.0667,61.63,48,12,14.32,AU,1732587045
91,holualoa,19.6228,-155.9522,78.64,76,0,13.8,US,1732587046
92,praia da vitoria,38.7333,-27.0667,62.87,90,19,4.9,PT,1732586875
93,burao,9.5221,45.5336,68.14,76,0,6.26,SO,1732587048
94,badger,64.8,-147.5333,21.45,88,75,3.44,US,1732587049
95,bata,1.8639,9.7658,76.14,91,99,8.21,GQ,1732587050
96,santa ana de yacuma,-13.75,-65.4333,79.45,78,10,5.39,BO,1732587052
97,bardai,11.65,7.2333,61.68,30,51,8.55,NG,1732587053
98,hawaiian paradise park,19.5933,-154.9731,78.31,80,100,9.22,US,1732587055
99,pell city,33.5862,-86.2861,64.26,87,100,7.67,US,1732587056
100,mount isa,-20.7333,139.5,94.77,43,40,5.75,AU,1732587057
101,sanming,26.2486,117.6186,56.35,71,36,3.62,CN,1732587058
102,dunedin,-45.8742,170.5036,63.81,71,20,4.0,NZ,1732587059
103,ambon,-3.6954,128.1814,89.74,66,40,4.61,ID,1732587060
104,port douglas,-16.4833,145.4667,81.9,61,0,7.36,AU,1732587062
105,san patricio,28.017,-97.5169,75.15,76,3,7.78,US,1732587063
106,muynoq,43.7683,59.0214,35.71,81,0,4.18,UZ,1732587064
107,canto do buriti,-8.11,-42.9444,73.67,80,98,2.64,BR,1732586831
108,xilin hot,43.9667,116.0333,9.43,48,90,15.9,CN,1732587066
109,kununurra,-15.7667,128.7333,89.58,70,20,5.75,AU,1732587067
110,shengli,37.4564,118.4856,33.8,25,0,15.08,CN,1732587068
111,severo-yeniseyskiy,60.3725,93.0408,19.0,94,100,4.81,RU,1732587069
112,lompoc,34.6391,-120.4579,57.69,86,100,14.97,US,1732587071
113,vadso,70.0744,29.7487,32.16,74,99,12.66,NO,1732587072
114,alibag,18.6411,72.8792,70.99,50,37,7.96,IN,1732587073
115,avarua,-21.2078,-159.775,78.85,78,100,8.05,CK,1732587074
116,austin,30.2672,-97.7431,53.62,70,0,24.16,US,1732587020
117,brokopondo,4.75,-55.1667,79.18,82,80,10.0,SR,1732587076
118,mil'kovo,55.6078,37.7956,29.62,68,100,9.26,RU,1732587077
119,samoylovka,51.184,43.7081,24.69,91,54,7.47,RU,1732587078
120,taksimo,56.3444,114.8794,-8.16,81,13,1.86,RU,1732587080
121,turpan,42.9333,89.1667,31.3,40,0,2.28,CN,1732587081
122,santa ana,33.7456,-117.8678,66.04,66,75,0.0,US,1732586856
123,vorgashor,67.5833,63.95,23.79,93,100,27.58,RU,1732587083
124,bilibino,68.0546,166.4372,-29.42,98,11,3.42,RU,1732587084
125,rio verde de mato grosso,-18.9181,-54.8442,81.28,50,17,10.16,BR,1732587087
126,bontang,0.1333,117.5,82.15,74,43,5.73,ID,1732587088
127,nikolayevsk-on-amure,53.1406,140.73,21.92,68,80,1.88,RU,1732587089
128,san juan de miraflores,-12.1629,-76.9635,67.17,82,99,8.72,PE,1732587090
129,margate,51.3813,1.3862,46.69,78,100,12.26,GB,1732587091
130,flying fish cove,-10.4217,105.6791,82.11,76,49,4.36,CX,1732587092
131,karaton,-6.3424,106.1045,85.39,68,99,3.11,ID,1732587093
132,lebu,-37.6167,-73.65,53.04,86,0,1.5,CL,1732587095
133,port saint john's,-31.6229,29.5448,73.18,86,100,16.13,ZA,1732587096
134,burela de cabo,43.65,-7.4,49.42,77,100,8.75,ES,1732587097
135,chinchilla,-26.75,150.6333,85.01,48,0,1.99,AU,1732587098
136,piton saint-leu,-21.2196,55.3151,71.71,78,0,4.61,RE,1732587099
137,east london,-33.0153,27.9116,68.23,75,100,14.36,ZA,1732587014
138,altai,46.3722,96.2583,2.62,90,47,4.38,MN,1732587101
139,georgetown,5.4112,100.3354,84.13,77,20,5.75,MY,1732587062
140,olonkinbyen,70.9221,-8.7187,27.46,71,100,15.39,SJ,1732587104
141,port mathurin,-19.6833,63.4167,76.33,72,9,16.78,MU,1732587105
142,bengkulu,-3.8004,102.2655,77.09,86,100,7.16,ID,1732586900
143,usinsk,65.9939,57.5281,27.36,93,100,32.7,RU,1732587108
144,burang,30.25,81.1667,21.58,35,0,2.01,CN,1732587109
145,zindah jan,34.3426,61.7468,55.71,39,0,5.23,AF,1732587110
146,sept-iles,50.2001,-66.3821,41.05,80,100,4.61,CA,1732587111
147,aykhal,66.0,111.5,-8.14,96,100,12.12,RU,1732587113
148,codrington,-38.2667,141.9667,79.12,49,100,12.73,AU,1732587114
149,bhimunipatnam,17.8833,83.4333,76.51,73,94,9.1,IN,1732587115
150,saint-pierre,-21.3393,55.4781,74.88,78,0,4.61,RE,1732587116
151,paragominas,-2.9667,-47.4833,73.63,94,87,2.62,BR,1732587117
152,es castell,39.8795,4.2854,65.08,88,0,9.22,ES,1732587118
153,zaranj,30.9667,61.8833,63.01,27,100,4.94,AF,1732587119
154,tengrela,10.4869,-6.4097,69.82,28,3,1.43,CI,1732587120
155,buka,40.8108,69.1986,46.9,32,100,2.98,UZ,1732587121
156,tegueste,28.5167,-16.3167,68.09,92,100,5.75,ES,1732587123
157,tselinnoye,53.0833,85.6667,8.58,95,49,3.36,RU,1732587124
158,kapuskasing,49.4169,-82.4331,30.29,100,100,4.61,CA,1732587125
159,lazaro cardenas,17.9583,-102.2,78.01,77,0,3.56,MX,1732587092
160,mount gambier,-37.8333,140.7667,76.69,69,100,3.71,AU,1732587127
161,sirte,31.2089,16.5887,64.27,58,77,4.12,LY,1732587128
162,sitia,35.2,26.0986,54.46,63,30,21.97,GR,1732587129
163,haapavesi,64.1333,25.3667,41.52,96,100,8.01,FI,1732587132
164,mammoth lakes,37.6485,-118.9721,33.8,92,100,4.0,US,1732587133
165,burutu,5.3509,5.5076,79.11,79,46,5.14,NG,1732587134
166,lesina,41.8594,15.3527,51.26,58,0,8.66,IT,1732587135
167,concepcion del oro,24.6333,-101.4167,58.84,25,0,4.61,MX,1732587136
168,thinadhoo,0.5333,72.9333,82.58,76,100,13.91,MV,1732587137
169,kismayo,-0.3582,42.5454,80.38,80,2,7.47,SO,1732587138
170,miquelon,47.0975,-56.3814,42.37,94,90,24.79,PM,1732587140
171,homer,59.6425,-151.5483,37.29,78,20,4.61,US,1732587141
172,mugia,43.1041,-9.2179,54.91,74,100,16.04,ES,1732587142
173,elverum,60.8819,11.5623,39.09,90,81,10.29,NO,1732587143
174,kapa'a,22.0752,-159.319,79.12,71,0,17.27,US,1732587144
175,jaru,-10.4389,-62.4664,73.09,96,0,1.7,BR,1732587145
176,vetluzhskiy,58.3902,45.4654,29.39,69,98,8.86,RU,1732587146
177,mirny,62.5353,113.9611,-2.6,96,100,11.92,RU,1732587148
178,callao,-12.0667,-77.15,68.72,77,40,14.97,PE,1732587149
179,lata,40.1629,-8.3327,48.02,84,100,2.57,PT,1732587150
180,colonia,50.9333,6.95,49.96,82,20,4.61,DE,1732587151
181,qarauyl,48.9451,79.255,11.44,91,36,3.94,KZ,1732587152
182,mermoz boabab,14.7065,-17.4758,76.78,94,0,9.22,SN,1732587153
183,chagoda,59.164,35.3285,34.02,88,100,11.61,RU,1732587154
184,harper,4.375,-7.7169,77.67,84,9,3.65,LR,1732587155
185,puerto ayora,-0.7393,-90.3518,72.55,84,41,5.01,EC,1732587157
186,quelimane,-17.8786,36.8883,78.75,94,75,2.3,MZ,1732587158
187,curillo,1.0333,-75.9191,76.51,84,66,1.28,CO,1732587159
188,tayu,-6.5397,111.0518,85.44,70,100,2.1,ID,1732587160
189,naze,28.3667,129.4833,70.86,80,90,17.9,JP,1732587161
190,hanawa,40.1836,140.7872,49.6,56,53,5.03,JP,1732587162
191,nookat,40.2671,72.6207,42.48,35,100,3.74,KG,1732587163
192,banda aceh,5.5577,95.3222,78.84,86,100,4.52,ID,1732587164
193,vilyuchinsk,52.9306,158.4028,37.67,86,100,9.48,RU,1732587135
194,kone,-21.0595,164.8658,86.36,60,100,4.76,NC,1732587167
195,remire-montjoly,4.9167,-52.2667,82.44,83,100,4.61,GF,1732587008
196,igarka,67.4667,86.5833,17.33,92,100,12.03,RU,1732587169
197,varadero,23.1536,-81.2514,74.16,77,90,18.95,CU,1732587170
198,soledade,-28.8183,-52.5103,69.93,71,100,4.79,BR,1732586985
199,sosnovka,56.255,51.2842,28.8,75,1,1.3,RU,1732587172
200,pemangkat,1.1667,108.9667,81.68,76,97,4.79,ID,1732587174
201,san ignacio,17.1561,-89.0714,73.54,94,0,4.61,BZ,1732587175
202,whitehorse,60.7161,-135.0538,9.37,85,100,0.0,CA,1732587176
203,papao,-17.75,-149.55,85.68,75,99,16.24,PF,1732587177
204,yuzhno-kurilsk,44.0306,145.8556,38.77,58,6,12.12,RU,1732587179
205,leh,34.1667,77.5833,15.73,59,0,4.94,IN,1732587180
206,chibougamau,49.9168,-74.3659,28.02,100,100,2.3,CA,1732587181
207,weno,7.4515,151.8468,85.95,84,75,8.05,FM,1732587182
208,pacasmayo,-7.4006,-79.5714,66.49,84,99,9.89,PE,1732587183
209,derzhavinsk,51.1,66.3167,17.56,85,5,10.22,KZ,1732587184
210,fukuecho,32.6881,128.8419,60.89,83,100,25.86,JP,1732587185
211,nelson bay,-32.7167,152.15,80.01,66,0,13.0,AU,1732587186
212,thompson,55.7435,-97.8558,10.56,85,100,12.66,CA,1732587188
213,okhotsk,59.3833,143.3,6.96,66,0,10.04,RU,1732587189
214,fort bragg,35.139,-79.006,57.79,79,4,8.01,US,1732587190
215,tokar,18.4254,37.729,79.38,79,85,11.77,SD,1732587191
216,manta,-0.95,-80.7333,74.98,78,75,13.49,EC,1732586921
217,zaozersk,69.4005,32.4476,25.72,86,99,6.53,RU,1732587193
218,tukrah,32.5341,20.5791,59.34,61,0,8.16,LY,1732587195
219,grand falls-windsor,48.9332,-55.6649,41.5,94,100,7.0,CA,1732587196
220,kerikeri,-35.2268,173.9474,72.18,48,20,6.93,NZ,1732587197
221,sana,15.3547,44.2067,55.15,33,2,2.37,YE,1732587198
222,fort st. john,56.2499,-120.8529,-5.91,84,20,9.22,CA,1732587199
223,nilgiri,21.4581,86.7669,65.32,54,36,4.09,IN,1732586952
224,peniche,39.3558,-9.3811,55.45,93,100,3.98,PT,1732587201
225,chegdomyn,51.1167,133.0167,22.69,81,100,2.86,RU,1732587202
226,sola,-13.8833,167.55,82.38,78,98,8.9,VU,1732587204
227,caleta de carquin,-11.0925,-77.6267,66.78,84,100,9.15,PE,1732587205
228,quellon,-43.1167,-73.6167,47.89,91,33,6.51,CL,1732587206
229,aweil,8.7682,27.4002,71.19,29,6,5.1,SS,1732587207
230,keflavik,64.0049,-22.5624,34.23,75,100,8.05,IS,1732587208
231,susuman,62.7833,148.1667,-27.22,95,10,1.05,RU,1732587209
232,iturama,-19.7281,-50.1956,79.3,52,100,7.74,BR,1732587210
233,port alfred,-33.5906,26.891,66.18,88,100,4.0,ZA,1732587212
234,nyurba,63.2842,118.3319,-4.43,87,100,10.02,RU,1732587213
235,bilsanda,28.25,79.95,59.81,57,0,2.89,IN,1732587214
236,amarante do maranhao,-5.5667,-46.7422,74.46,87,49,3.53,BR,1732587215
237,zaigrayevo,51.8336,108.2703,2.35,92,38,1.61,RU,1732587216
238,palikir - national government center,6.9248,158.1611,81.45,83,100,3.44,FM,1732587217
239,bel ombre,-4.6167,55.4167,78.64,83,20,5.75,SC,1732587218
240,ankazoabo,-22.2833,44.5167,77.23,56,5,5.99,MG,1732587219
241,dom pedrito,-30.9828,-54.6731,69.39,96,44,3.24,BR,1732587220
242,el nido,11.1858,119.3956,88.14,67,93,16.67,PH,1732587222
243,chonchi,-42.6128,-73.8092,49.12,96,62,3.29,CL,1732587223
244,cabo san lucas,22.8909,-109.9124,75.76,43,40,5.75,MX,1732587002
245,meadow lakes,61.6247,-149.6011,32.52,95,100,3.44,US,1732587225
246,hilo,19.7297,-155.09,78.53,79,100,9.22,US,1732587226
247,santiago de cao,-7.9589,-79.2392,62.73,94,98,9.22,PE,1732587227
248,ulaangom,49.9811,92.0667,11.37,74,31,4.43,MN,1732587229
249,wailua homesteads,22.0669,-159.378,77.79,72,0,17.27,US,1732587230
250,daru,-9.0763,143.2092,82.85,83,45,13.09,PG,1732587231
251,jamsa,61.8642,25.19,45.32,94,100,13.4,FI,1732587232
252,podporozh'ye,60.9112,34.1706,37.24,87,98,14.2,RU,1732587233
253,cermik,38.1361,39.4493,38.39,84,100,4.09,TR,1732587236
254,maricopa,33.0581,-112.0476,66.6,35,0,4.61,US,1732587151
255,sisimiut,66.9395,-53.6735,26.15,94,100,15.08,GL,1732587238
256,pitimbu,-7.4706,-34.8086,78.33,73,100,8.19,BR,1732587239
257,sodra sandby,56.5667,16.6167,49.86,92,95,11.23,SE,1732587240
258,queenstown,-31.8976,26.8753,64.26,79,98,1.07,ZA,1732587241
259,daye,30.0833,114.95,51.24,26,54,5.01,CN,1732587242
260,ebaye,8.7748,167.7392,82.42,83,40,17.27,MH,1732587243
261,bonthe,7.5264,-12.505,78.96,80,21,5.21,SL,1732587245
262,camarinas,43.1311,-9.1817,54.93,75,100,15.32,ES,1732587246
263,tazacorte,28.629,-17.9293,67.17,80,0,5.75,ES,1732587247
264,roshchino,60.2519,29.6085,42.55,81,100,14.52,RU,1732587248
265,lubao,14.9167,120.55,87.51,67,53,10.51,PH,1732587249
266,atar,20.5169,-13.0499,76.95,13,3,8.95,MR,1732587250
267,puerto baquerizo moreno,-0.9,-89.6,71.13,71,80,10.74,EC,1732587251
268,outjo,-20.1167,16.15,69.98,39,22,7.05,NA,1732587252
269,zeya,53.75,127.2667,19.02,90,100,6.33,RU,1732587254
270,solnechnyy,50.7214,136.6319,23.92,72,100,1.57,RU,1732587255
271,afaahiti,-17.75,-149.2833,78.04,82,87,15.61,PF,1732587256
272,kavaratti,10.5669,72.642,81.97,67,100,9.86,IN,1732587257
273,nicoya,10.1483,-85.452,74.14,92,73,2.62,CR,1732587258
274,rio grande,-32.035,-52.0986,69.53,92,80,6.6,BR,1732587259
275,knyaze-volkonskoye,48.4642,135.4567,21.54,57,100,9.57,RU,1732587260
276,talnakh,69.4865,88.3972,23.68,95,100,12.33,RU,1732587261
277,sandnessjoen,66.0217,12.6316,39.58,92,100,20.27,NO,1732587263
278,puerto san jose,13.9256,-90.8244,77.7,84,6,9.48,GT,1732587264
279,nogliki,51.8333,143.1667,23.5,73,21,4.99,RU,1732587265
280,kertih,4.5141,103.4483,84.22,79,40,5.01,MY,1732587266
281,ascension,30.2169,-90.9001,73.08,80,100,3.44,US,1732587267
282,wynyard,-41.0,145.7167,70.2,83,66,5.99,AU,1732587269
283,aleksandrov gay,50.147,48.5704,30.7,67,100,8.3,RU,1732587270
284,horta,38.5333,-28.6333,67.01,93,35,15.99,PT,1732587252
285,zouerate,22.7187,-12.4521,73.63,16,66,10.25,MR,1732587272
286,east grand forks,47.93,-97.0245,12.43,80,0,9.22,US,1732587273
287,kiama,-34.6833,150.8667,84.25,64,100,13.29,AU,1732587275
288,san antonio de pale,-1.4014,5.6325,78.6,83,99,10.98,GQ,1732587276
289,qinzhou,21.95,108.6167,60.37,55,100,14.72,CN,1732587277
290,honggang,46.4667,124.8667,24.12,94,100,14.83,CN,1732587279
291,klaksvik,62.2266,-6.589,38.44,66,100,28.36,FO,1732587280
292,katsuura,35.1333,140.3,59.27,63,100,3.2,JP,1732587281
293,wotho,10.1657,166.0102,83.1,80,85,17.72,MH,1732587282
294,mindelo,16.8901,-24.9804,74.75,73,20,18.41,CV,1732587283
295,fort mcmurray,56.7268,-111.381,8.19,85,100,11.5,CA,1732587285
296,constantia,44.1833,28.65,25.48,55,61,5.97,RO,1732587158
297,yangshuo,24.7808,110.4897,57.81,47,77,3.98,CN,1732587287
298,anadyr,64.75,177.4833,5.5,85,100,8.95,RU,1732587288
299,augustdorf,51.9094,8.7317,48.38,86,100,12.53,DE,1732587289
300,mogocha,53.7333,119.7667,6.84,79,100,8.08,RU,1732587291
301,linhares,-19.3911,-40.0722,65.88,80,35,0.96,BR,1732587292
302,kutum,14.2,24.6667,55.33,42,5,6.33,SD,1732587293
303,buncrana,55.1333,-7.45,41.79,85,100,8.19,IE,1732587295
304,salalah,17.0151,54.0924,75.29,69,0,2.3,OM,1732587296
305,krivosheino,57.3431,83.9261,14.58,91,28,4.09,RU,1732587297
306,tidjikja,18.5564,-11.4271,72.28,14,0,12.26,MR,1732587298
307,dhidhdhoo,6.8833,73.1,82.47,69,94,8.99,MV,1732587299
308,pico truncado,-46.7949,-67.9573,52.23,80,95,15.73,AR,1732587301
309,greymouth,-42.4667,171.2,63.18,75,100,9.08,NZ,1732587302
310,enewetak,11.3474,162.3373,82.87,82,26,18.77,MH,1732587303
311,campo grande,-20.4428,-54.6464,81.95,51,0,6.91,BR,1732587213
312,saint clairsville,40.0806,-80.9001,55.33,92,100,10.71,US,1732587305
313,hono,57.6897,11.6497,49.15,92,59,26.8,SE,1732587308
314,wakkanai,45.4094,141.6739,37.38,52,0,11.5,JP,1732587309
315,khandyga,62.6667,135.6,-18.42,95,75,2.15,RU,1732587134
316,newman,37.3138,-121.0208,57.04,85,100,7.0,US,1732587311
317,college,64.8569,-147.8028,25.16,85,75,3.44,US,1732587313
318,ola,59.5833,151.2833,9.28,66,35,10.31,RU,1732587314
319,la passe,45.5549,-0.8967,53.94,84,2,12.71,FR,1732587315
320,nanakuli,21.3906,-158.1547,82.04,59,100,6.91,US,1732587316
321,palangkaraya,-2.2,113.8333,83.05,83,98,1.48,ID,1732587317
322,santa cruz,-17.8,-63.1667,82.85,66,97,10.27,BO,1732587221
323,sambava,-14.2667,50.1667,75.67,87,26,7.94,MG,1732587319
324,selfoss,63.9331,-20.9971,21.04,80,29,4.9,IS,1732587320
325,hauterive,46.0901,3.4459,47.41,88,42,4.88,FR,1732587322
326,shadrinsk,56.0852,63.6335,19.74,90,5,4.72,RU,1732587323
327,qarqaraly,49.4058,75.4742,9.79,82,7,5.21,KZ,1732587325
328,santana,-0.0583,-51.1817,84.38,79,40,12.66,BR,1732587326
329,vila velha,-20.3297,-40.2925,71.55,83,75,3.44,BR,1732587327
330,nha trang,12.25,109.1833,84.2,73,100,8.23,VN,1732587328
331,moju,-1.8839,-48.7689,73.29,98,100,1.57,BR,1732587329
332,yelizovo,53.1873,158.3805,37.54,44,75,11.18,RU,1732587305
333,el calafate,-50.3408,-72.2768,54.32,62,86,5.21,AR,1732587332
334,quatre cocos,-20.2078,57.7625,77.09,77,30,12.12,MU,1732587333
335,whakatane,-37.9585,176.9854,77.5,66,51,4.0,NZ,1732587334
336,taroa,8.7058,171.2275,82.6,81,74,22.17,MH,1732587335
337,puerto deseado,-47.7503,-65.8938,50.36,86,13,15.03,AR,1732587091
338,mala vyska,48.6431,31.6366,27.3,63,11,5.95,UA,1732587337
339,klyuchi,52.2667,79.1667,10.11,95,27,4.27,RU,1732587339
340,alghero,40.5589,8.3181,48.29,93,0,3.44,IT,1732587340
341,pemba,-12.974,40.5178,79.5,94,20,3.47,MZ,1732587341
342,tela,15.7833,-87.45,73.74,91,11,2.75,HN,1732587342
343,kalianget,-7.05,113.9333,87.94,59,100,1.1,ID,1732587343
344,maragogi,-9.0122,-35.2225,76.44,80,56,5.59,BR,1732587344
345,rafsanjan,30.4067,55.9939,58.05,49,81,7.78,IR,1732587346
346,sitka,57.0531,-135.33,39.09,70,100,5.75,US,1732587246
347,richards bay,-28.783,32.0377,74.41,83,19,16.31,ZA,1732587348
348,alice springs,-23.7,133.8833,83.75,51,40,16.11,AU,1732587349
349,kingston,17.997,-76.7936,83.35,70,75,11.5,JM,1732587278
350,beacon square,28.2086,-82.7554,63.99,85,0,5.59,US,1732587351
351,monticello,45.3055,-93.7941,20.21,78,40,16.11,US,1732587155
352,ballito,-29.539,31.2144,73.54,88,0,8.05,ZA,1732587353
353,taoudenni,22.6783,-3.9836,68.76,28,8,9.04,ML,1732587354
354,palapye,-22.546,27.1251,72.41,63,67,1.7,BW,1732587356
355,flin flon,54.7682,-101.865,5.18,99,99,3.96,CA,1732587357
356,chipinge,-20.1883,32.6236,63.09,79,28,3.02,ZW,1732587358
357,shakawe,-18.3667,21.85,67.48,82,7,4.03,BW,1732587359
358,tateyama,34.9833,139.8667,59.18,63,98,4.47,JP,1732587360
359,kashmor,28.4333,69.5833,68.04,38,3,1.1,PK,1732587361
360,sal rei,16.1833,-22.9167,76.19,76,8,13.96,CV,1732587362
361,dudinka,69.4058,86.1778,23.29,92,100,18.19,RU,1732587363
362,diapaga,12.0708,1.7889,69.57,22,0,7.09,BF,1732587364
363,belomorsk,64.5232,34.7668,39.13,96,100,13.42,RU,1732587366
364,coyhaique,-45.5752,-72.0662,45.97,98,100,5.01,CL,1732587367
365,enterprise,36.0252,-115.2419,55.62,45,75,6.91,US,1732587368
366,weyburn,49.6668,-103.8511,-3.78,84,49,5.75,CA,1732587369
367,qulsary,46.9531,54.0198,32.16,77,4,9.13,KZ,1732587370
368,laguna,38.421,-121.4238,58.17,83,100,5.99,US,1732587371
369,carnarvon,-24.8667,113.6333,77.0,46,0,20.24,AU,1732587372
370,al mijlad,11.0333,27.7333,70.7,21,0,14.83,SD,1732587374
371,beyneu,45.3167,55.2,33.64,84,7,10.0,KZ,1732587375
372,gazojak,41.1875,61.4036,44.65,42,0,8.72,TM,1732587376
373,qurayyat,31.3318,37.3428,50.18,62,40,13.8,SA,1732587377
374,acajutla,13.5928,-89.8275,78.1,77,8,7.27,SV,1732587379
375,eydhafushi,5.1033,73.0708,80.22,77,100,4.5,MV,1732587380
376,harstad,68.799,16.5293,34.16,86,100,13.0,NO,1732587384
377,howrah,22.5892,88.3103,66.2,82,20,0.0,IN,1732587215
378,koumra,8.9126,17.5539,68.79,27,16,6.26,TD,1732587386
379,tralee,52.2704,-9.7026,40.89,75,23,2.75,IE,1732587388
380,edeia,-17.3383,-49.9314,73.49,77,95,7.4,BR,1732587391
381,tura,25.5198,90.2201,66.07,73,40,2.33,IN,1732587392
382,sretensk,52.2453,117.7093,9.93,90,100,4.72,RU,1732587393
383,fisterra,42.9049,-9.2629,59.32,70,100,16.58,ES,1732587394
384,westport,41.1415,-73.3579,44.91,61,20,0.0,US,1732587308
385,arrifes,37.7667,-25.7,64.65,94,75,20.71,PT,1732587397
386,sierra grande,-41.606,-65.3557,62.24,52,100,27.18,AR,1732587352
387,debark',13.1561,37.8981,49.86,83,74,3.33,ET,1732587399
388,santa terezinha,-29.9002,-50.0904,69.69,93,100,7.0,BR,1732587401
389,sitangkai,4.6628,119.3928,81.79,76,100,1.77,PH,1732587402
390,al jawf,29.5,38.75,48.69,54,0,8.32,SA,1732587403
391,gadzhiyevo,69.2551,33.3362,24.62,87,99,8.52,RU,1732587404
392,kudahuvadhoo,2.6708,72.8944,81.41,77,100,8.01,MV,1732587405
393,duba,27.3513,35.6901,66.96,56,3,1.43,SA,1732587406
394,kentau,43.5206,68.5094,41.59,21,46,3.38,KZ,1732587407
395,mokhotlong,-29.2894,29.0675,56.75,70,3,0.25,LS,1732587408
396,smithers,54.7804,-127.1743,14.32,73,75,2.3,CA,1732587410
397,volosovo,59.4333,29.4833,40.42,83,100,15.32,RU,1732587411
398,tabalah,19.95,42.4,61.84,63,1,3.89,SA,1732587204
399,frenstat pod radhostem,49.5484,18.2108,43.48,81,0,11.5,CZ,1732587413
400,ketchikan,55.3422,-131.6461,31.98,74,100,5.75,US,1732587414
401,tadine,-21.55,167.8833,75.24,90,100,17.29,NC,1732587415
402,nova sintra,14.8667,-24.7167,77.72,75,3,15.46,CV,1732587414
403,maintirano,-18.0667,44.0167,78.15,81,13,5.21,MG,1732587417
404,verkhnevilyuysk,63.4453,120.3167,-4.54,92,100,7.94,RU,1732587419
405,mersa matruh,31.3525,27.2453,59.61,58,13,18.57,EG,1732587206
406,mabaruma,8.2,-59.7833,73.98,95,100,1.63,GY,1732587421
407,coquimbo,-29.9533,-71.3436,58.98,75,0,0.0,CL,1732587373
408,karoi,-16.8099,29.6925,66.09,81,100,4.38,ZW,1732587423
409,kailua-kona,19.6406,-155.9956,82.36,71,0,13.8,US,1732587306
410,alotau,-10.3069,150.4462,82.31,76,100,3.0,PG,1732587426
411,oudtshoorn,-33.5907,22.2014,62.11,79,100,6.67,ZA,1732587428
412,tolanaro,-25.0319,46.9987,77.07,94,20,6.91,MG,1732587429
413,san luis de la loma,17.2706,-100.8939,78.22,84,34,3.94,MX,1732587430
414,mata-utu,-13.2816,-176.1745,82.45,76,51,9.86,WF,1732587431
415,eirunepe,-6.6603,-69.8736,73.71,96,80,2.73,BR,1732587432
416,nemuro,43.3236,145.575,37.76,59,4,4.81,JP,1732587433
417,mejit,10.2753,170.8646,82.83,81,57,19.91,MH,1732587434
418,sosnogorsk,63.6023,53.8817,29.89,72,100,16.28,RU,1732587435
419,tromso,69.6496,18.957,30.22,86,100,3.44,NO,1732587436
420,birao,10.2849,22.7882,65.12,27,17,5.57,CF,1732587437
421,yaren,-0.5472,166.916,82.22,79,75,18.43,NR,1732587439
422,vorkuta,67.5,64.0,24.12,93,100,27.87,RU,1732587440
423,la ronge,55.1001,-105.2842,8.85,85,100,3.44,CA,1732587441
424,abalak,58.1286,68.5944,23.4,87,45,6.29,RU,1732587442
425,roscommon,53.6333,-8.1833,36.61,92,36,7.58,IE,1732587443
426,ylitornio,66.3089,23.6773,35.35,95,100,9.13,FI,1732587444
427,el bauga,18.262,33.9081,59.77,40,3,13.53,SD,1732587445
428,saint-francois,46.4154,3.9054,45.84,94,0,4.61,FR,1732587446
429,bernay,49.1667,0.6667,43.84,91,71,10.0,FR,1732587448
430,st. john's,47.5649,-52.7093,41.27,96,100,10.36,CA,1732587216
431,malazgirt,39.1427,42.5401,28.74,86,100,1.34,TR,1732587444
432,yeppoon,-23.1333,150.7333,79.09,69,27,15.39,AU,1732587451
433,borinskoye,52.4569,39.3713,26.8,75,0,6.02,RU,1732587452
434,luderitz,-26.6481,15.1594,60.8,73,100,15.61,NA,1732587403
435,rio gallegos,-51.6226,-69.2181,50.05,57,0,12.66,AR,1732587454
436,galliano,29.4422,-90.2992,68.0,88,40,3.44,US,1732587455
437,darnah,32.767,22.6367,60.66,64,7,17.98,LY,1732587456
438,kirakira,-10.4544,161.9205,86.61,67,66,7.94,SB,1732587457
439,coahuayana de hidalgo,18.7,-103.6583,75.25,87,29,0.87,MX,1732587459
440,thunder bay,48.4001,-89.3168,28.38,100,100,3.44,CA,1732587434
441,igboho,8.8333,3.75,69.08,26,25,5.37,NG,1732587461
442,inongo,-1.95,18.2667,70.97,96,100,1.74,CD,1732587462
443,helensburgh,56.0061,-4.7265,41.94,90,100,5.48,GB,1732587463
444,ilabaya,-17.4208,-70.5133,65.19,84,100,3.04,PE,1732587464
445,yichang,30.7144,111.2847,51.13,40,100,3.98,CN,1732587465
446,prineville,44.2999,-120.8345,38.71,92,100,1.01,US,1732587466
447,gretna,29.9147,-90.054,70.99,85,14,5.01,US,1732587468
448,mumbwa,-14.9783,27.0619,66.09,94,100,2.55,ZM,1732587469
449,bull savanna,17.8868,-77.5902,74.97,87,100,10.76,JM,1732587470
450,sarkand,45.41,79.9186,32.47,60,0,7.47,KZ,1732587471
451,lugovoye,42.9094,72.7178,38.44,43,3,3.02,KZ,1732587472
452,inirida,3.8653,-67.9239,75.45,96,67,2.77,CO,1732587473
453,polyarnyy,69.1989,33.4478,24.51,86,98,8.32,RU,1732587474
454,ma'rib,15.4591,45.3253,65.7,43,59,1.9,YE,1732587476
455,geraldton,-28.7667,114.6,73.81,23,0,16.46,AU,1732587477
456,anqing,30.5092,117.0506,50.14,26,0,5.73,CN,1732587423
457,uvalde,29.3669,-99.767,65.39,35,0,13.8,US,1732587480
458,nasir,15.5894,32.5634,68.49,34,0,17.09,SD,1732587481
459,bubaque,11.2833,-15.8333,83.48,64,0,9.86,GW,1732587482
460,daman,20.4167,72.85,71.55,50,82,8.57,IN,1732587484
461,robertsport,6.7533,-11.3686,80.38,77,12,4.29,LR,1732587485
462,nanpiao,41.0982,120.7479,26.11,49,0,15.82,CN,1732587486
463,madang,-5.2246,145.7966,82.8,75,99,3.42,PG,1732587490
464,bikenibeu village,1.3673,173.1241,89.56,62,20,17.27,KI,1732587492
465,aosta,45.7667,7.4167,30.99,93,100,4.32,IT,1732587493
466,alaghsas,17.0187,8.0168,67.37,32,3,11.39,NE,1732587494
467,kayangel,8.0823,134.7173,83.88,80,72,21.61,PW,1732587405
468,fernley,39.608,-119.2518,38.21,80,100,1.99,US,1732587496
469,mana,5.6592,-53.7767,78.44,88,24,8.5,GF,1732587497
470,porbandar,21.6422,69.6093,72.77,41,4,9.82,IN,1732587498
471,kiunga,-6.1219,141.2906,91.69,57,87,2.71,PG,1732587500
472,new plymouth,-39.0667,174.0833,67.8,100,74,12.39,NZ,1732587501
473,uturoa,-16.7333,-151.4333,80.58,78,98,12.44,PF,1732587502
474,dizangue,3.7667,9.9833,74.62,94,98,1.66,CM,1732587503
475,grand haven,43.0631,-86.2284,41.18,95,100,4.0,US,1732587504
476,bom jesus da lapa,-13.255,-43.4181,70.48,92,64,5.35,BR,1732587506
477,sochi,43.6,39.7303,46.49,85,99,11.32,RU,1732587507
478,thurso,58.5927,-3.5259,43.05,79,100,25.81,GB,1732587508
479,nenjiang,49.1833,125.2167,23.56,96,100,7.45,CN,1732587509
480,hithadhoo,-0.6,73.0833,82.8,75,100,15.5,MV,1732587510
481,mozhga,56.4447,52.2276,28.9,69,1,2.28,RU,1732587511
482,boysun,38.2061,67.1986,48.09,39,2,6.35,UZ,1732587513
483,ust'-kulom,61.6864,53.6902,26.64,70,100,12.01,RU,1732587514
484,sao jose da coroa grande,-8.8978,-35.1478,77.34,80,57,6.46,BR,1732587515
485,khandud,36.9513,72.318,6.82,74,11,2.53,AF,1732587516
486,egilsstadir,65.2653,-14.3948,17.51,57,0,8.05,IS,1732587517
487,akureyri,65.6835,-18.0878,26.53,68,0,17.27,IS,1732587518
488,taltal,-25.4,-70.4833,62.87,86,39,3.8,CL,1732587520
489,natal,-5.795,-35.2094,75.85,88,40,4.61,BR,1732587326
490,macau,22.2006,113.5461,67.73,73,20,21.85,MO,1732587522
491,lima,-12.0432,-77.0282,66.9,82,40,14.97,PE,1732587458
492,karmala,18.4167,75.2,63.07,59,94,6.2,IN,1732587524
493,rio pardo,-29.9897,-52.3781,71.15,93,100,3.8,BR,1732587525
494,saudarkrokur,65.7461,-19.6394,18.81,75,5,18.54,IS,1732587527
495,ihosy,-22.4,46.1167,68.18,89,39,5.41,MG,1732587528
496,ulladulla,-35.35,150.4667,85.32,45,100,7.05,AU,1732587529
497,turan,16.0678,108.2208,76.98,94,75,10.36,VN,1732587530
498,jamai,22.2,78.5833,58.17,52,8,4.61,IN,1732587531
499,kurchatov,51.6601,35.6521,27.0,72,3,5.46,RU,1732587533
500,judendorf,47.1333,13.8,29.73,95,44,3.87,AT,1732587534
501,argo,37.6333,22.7333,45.99,60,0,3.33,GR,1732587327
502,santa luzia,-19.7697,-43.8514,69.78,75,0,3.44,BR,1732587538
503,korla,41.7597,86.1469,30.78,57,0,11.21,CN,1732587539
504,sepuka,-4.75,34.5333,65.52,80,97,3.27,TZ,1732587540
505,happy valley-goose bay,53.3168,-60.3315,35.91,87,100,6.91,CA,1732587407
506,al bahah,20.0129,41.4677,54.32,75,0,2.08,SA,1732587543
507,zykovo,55.9519,93.1461,19.4,87,100,5.21,RU,1732587544
508,vanimo,-2.6741,141.3028,81.3,80,100,2.39,PG,1732587545
509,bereket,39.2446,55.5154,52.52,70,7,10.85,TM,1732587546
510,centerton,36.3598,-94.2852,39.58,75,0,10.36,US,1732587415
511,kencong,-8.2833,113.3667,80.38,82,100,0.98,ID,1732587549
512,inhambane,-23.865,35.3833,75.25,80,0,9.69,MZ,1732587403
513,villa gesell,-37.2639,-56.973,62.04,69,0,17.78,AR,1732587352
514,bighapur khurd,26.35,80.6833,62.76,46,1,3.56,IN,1732587553
515,poso,-1.3959,120.7524,84.07,74,100,4.16,ID,1732587554
516,urangan,-25.3,152.9,77.4,70,18,13.4,AU,1732587555
517,taretan,19.3333,-101.9167,65.26,79,0,6.35,MX,1732587556
518,vila franca do campo,37.7167,-25.4333,66.61,99,100,15.55,PT,1732587545
519,rawson,-43.3002,-65.1023,55.69,82,0,6.91,AR,1732587422
520,al bawiti,28.3492,28.8659,58.62,52,100,11.92,EG,1732587560
521,san julian,21.0167,-102.1667,63.07,23,100,2.28,MX,1732587561
522,sofifi,0.7349,127.576,84.49,74,13,1.66,ID,1732587562
523,ishigaki,24.3448,124.1572,71.73,88,75,16.11,JP,1732587563
524,anasco,18.2827,-67.1396,79.07,86,62,4.0,PR,1732587565
525,dolinsk,47.35,142.8,32.94,53,61,1.74,RU,1732587566
526,susaki,33.3667,133.2833,64.11,86,100,10.78,JP,1732587567
527,benguela,-12.5763,13.4055,75.7,86,80,6.26,AO,1732587568
528,lorengau,-2.0226,147.2712,84.97,74,82,9.13,PG,1732587569
529,neijiang,29.5835,105.0622,47.59,76,100,3.31,CN,1732587571
530,goiatuba,-18.0125,-49.3547,68.86,75,40,11.79,BR,1732587572
531,chimoio,-19.1164,33.4833,71.46,83,40,1.19,MZ,1732587573
532,port hueneme,34.1478,-119.1951,63.84,70,100,4.61,US,1732587574
533,aioun,16.6614,-9.6149,74.05,14,0,10.67,MR,1732587575
534,crucecita,-28.95,-58.9833,72.19,95,33,10.54,AR,1732587576
535,namdrik,5.5994,168.1028,84.25,73,55,14.83,MH,1732587579
536,ataq,14.5377,46.8319,64.71,55,0,6.51,YE,1732587580
537,hobyo,5.3505,48.5268,80.62,77,68,11.92,SO,1732587581
538,moussoro,13.6408,16.4901,67.75,32,9,11.5,TD,1732587582
539,badiyah,22.45,58.8,66.7,82,0,4.41,OM,1732587583
540,undurkhaan,47.3194,110.6556,10.15,34,100,17.27,MN,1732587585
541,alofi,-19.0595,-169.9187,80.49,83,75,13.8,NU,1732587586
542,machachi,-0.5,-78.5667,54.75,97,79,1.72,EC,1732587587
543,pyu,18.4833,96.4333,72.59,77,100,7.65,MM,1732587588
544,almeirim,-1.5233,-52.5817,80.37,73,54,5.7,BR,1732587590
545,esquina,-30.0144,-59.5272,70.47,99,83,4.88,AR,1732587591
546,basco,20.4487,121.9702,79.2,81,10,11.81,PH,1732587592
547,port lincoln,-34.7333,135.8667,77.11,56,100,11.34,AU,1732587404
548,hashtpar,37.8008,48.9037,57.85,94,86,0.4,IR,1732587594
549,morant bay,17.8815,-76.4093,78.78,88,100,12.1,JM,1732587569
550,prado,-17.3411,-39.2208,71.06,76,0,8.03,BR,1732587596
551,uzhur,55.3036,89.8339,13.78,87,99,5.28,RU,1732587597
552,nadi,-17.8,177.4167,87.8,58,75,11.5,FJ,1732587599
553,huarmey,-10.0681,-78.1522,67.06,86,96,7.14,PE,1732587600
554,cidreira,-30.1811,-50.2056,68.88,94,93,9.37,BR,1732587601
555,dolbeau-mistassini,48.8763,-72.212,32.47,80,100,7.27,CA,1732587419
556,aras-asan,8.8908,126.3033,82.15,81,59,7.2,PH,1732587603
557,alanya,36.5438,31.9998,46.87,42,3,6.26,TR,1732587455
558,angaur state,6.906,134.13,84.2,77,100,16.55,PW,1732587605
559,altamira,-3.2033,-52.2064,74.46,87,100,3.33,BR,1732587607
560,ponta delgada,37.7333,-25.6667,66.92,94,75,20.71,PT,1732587608
561,botro,7.8525,-5.3106,70.97,58,6,0.49,CI,1732587609
562,laibin,23.7,109.2667,59.86,43,88,13.91,CN,1732587610
563,lambarene,-0.7001,10.2406,73.33,97,100,2.93,GA,1732587611
564,vung tau,10.346,107.0843,80.17,73,100,8.77,VN,1732587612
565,akrehamn,59.2667,5.1833,48.45,87,100,26.46,NO,1732587343
566,chandbali,20.7833,86.7667,67.41,63,83,5.35,IN,1732587614
567,hammerfest,70.6634,23.6821,30.65,80,75,11.5,NO,1732587616
568,gympie,-26.1898,152.665,81.59,52,83,7.43,AU,1732587617
569,usogorsk,63.4106,48.6872,31.28,91,100,14.94,RU,1732587618
570,senillosa,-39.0,-68.4167,64.18,36,0,27.04,AR,1732587619
571,pijijiapan,15.7011,-93.23,73.56,76,0,5.41,MX,1732587620
572,nagqu,31.5,92.0,19.04,22,100,1.88,CN,1732587621
573,narrabri,-30.3167,149.7833,91.53,37,13,4.0,AU,1732587622
574,gereida,11.2811,25.1414,64.94,24,0,10.98,SD,1732587623
575,leskovac,42.9981,21.9461,33.3,89,100,3.62,RS,1732587437
576,luchegorsk,46.4764,134.2569,30.36,77,100,5.37,RU,1732587626
577,porto novo,6.4965,2.6036,82.22,84,71,4.34,BJ,1732587627
578,acarau,-2.8856,-40.12,78.44,75,3,12.15,BR,1732587628
